<?xml version="1.0"?>
<doc>
    <assembly>
        <name>Galactic.NoSql</name>
    </assembly>
    <members>
        <member name="T:Galactic.NoSql.NoSqlUtility">
            <summary>
            Provides various utility methods for use with NoSQL document databases.
            </summary>
        </member>
        <member name="M:Galactic.NoSql.NoSqlUtility.AddOrReplace(System.String,System.Dynamic.ExpandoObject)">
            <summary>
            Adds or replaces a document in the store with the specified id.
            </summary>
            <param name="id">The id of the document to add or replace.</param>
            <param name="document">The document to add or replace.</param>
            <returns>The id of the document if it was added or replaced, null otherwise.</returns>
        </member>
        <member name="M:Galactic.NoSql.NoSqlUtility.Delete(System.String)">
            <summary>
            Deletes the specified id and it's associated document from the database.
            </summary>
            <param name="id">The name of the id to delete.</param>
            <returns>True if the id/document was deleted, false if there was an error or it could not otherwise be deleted.</returns>
        </member>
        <member name="M:Galactic.NoSql.NoSqlUtility.Get(System.String)">
            <summary>
            Gets a document from the database with the specified id.
            </summary>
            <param name="id">The id of the document to retrieve.</param>
            <returns>The document with the specified id, or null if there was an error, or the id does not exist.</returns>
        </member>
        <member name="M:Galactic.NoSql.NoSqlUtility.GetByQuery(System.Object)">
            <summary>
            Gets documents from the database that correspond to the supplied query.
            </summary>
            <param name="query">The query to use when finding documents.</param>
            <returns>A list of documents that correspond to the query supplied, or an empty list if there was an error, or the query did not produce any results.</returns>
        </member>
        <member name="M:Galactic.NoSql.NoSqlUtility.LogException(System.Exception,Galactic.EventLog.EventLog)">
            <summary>
            Logs an exception to the event log.
            </summary>
            <param name="e">The exception to log.</param>
            <param name="log">The event log to log the execption to.</param>
            <returns>True if the exception was logged successfully. False otherwise.</returns>
        </member>
    </members>
</doc>
